
  USER NAME              INSTITUTION & GROUP               DATE       EMAIL
  ---------              -------------------               ----       -----

  Wa'el Abdallah         Univ Alberta, Chem & Mater Eng    07/20/01   waelzone@hotmail.com
  Jun-ichi Abe           Kagoshima Univ, Biosci & Tech     08/24/99   j_abe@chem.agri.kagoshima-u.ac.jp
  Bruce Adams            Newton, MA                        01/29/06   bruce_adams@comcast.net
  David Adams            Univ Sunderland, UK               04/27/06   david.adams@sunderland.ac.uk
  Pratul Agarwal         ORNL, Comp Sci & Math Div         04/06/04   agarwalpk@ornl.gov
  Musa Ali Ahmed         Garyounis Univ, Pharmacy, Libya   10/05/07   mabuajila@yahoo.ca
  Fumihiko Aiga          Toshiba Corporation, Japan        07/01/98   aiga@mdl.rdc.toshiba.co.jp
  Pericles Akrivos       Aristotle Univ Thessaloniki       04/16/97   akrivos@chem.auth.gr
  David Albert           Tufts Univ, Physics               11/25/96   dalbert@tufts.edu
  Sebastion Alberti      Univ Nac de Quilmes, Argentina    04/10/01   seba@unq.edu.ar
  Musharaf Ali           Bahbha Atomic Rsch Ctr, Mumbai    08/28/06   musharaf@bare.gov.in
  Christopher Allen      Univ Alabama, Birmingham          06/20/10   callen79@uab.edu
  Valmor de Almeida      Oak Ridge National Laboratory     11/18/10   dealmeidav@ornl.gov
  Bjorn Alsberg          Univ Wales, Inst Biol Sci         05/27/97   bka@aber.ac.uk
  Hirofumi Amano         Kyushu Univ, Info Technology      05/01/07   amano@cc.kyushu-u.ac.jp
  Herman Ammon           Univ Maryland, Chem & Biochem     03/12/98   ha3@umail.umd.edu
  Joe Anderson           UC Santa Cruz, Millhauser Lab     05/22/98   adrs@chemistry.ucsc.edu
  Wayne Anderson         Bloosburg Univ, Chemistry         01/10/01   wpa@bloomu.edu
  Dirk Andrae            Univ Bielefeld, Chemistry         11/26/02   dirk.andeae@uni-bielefeld.de
  Alexander Andriyash    Russian Fed Nucl Cntr, VNIITF     11/25/97   vorob@eco.ch70.chel.su
  Mehmet Apaydin         Stanford Univ, CS, Robotics Lab   05/03/00   apaydin@cs.stanford.edu
  Iffat Arisa            Univ New Mexico, Civil Eng        10/27/09   iffatrafiq_001@yahoo.com
  Vanita Atre            Univ Pune, Biotechnology, India   03/03/01   nitat@unipune.ernet.in
  Auvin                  Mus Natl d'Histoire Nat, Paris    07/07/98   auvin@mnhu.fr
  Vitaly Avakyan         Russ Acad Sci, Photochem          03/05/98   avak@mx.icp.rssi.ru
  Frank Axe              Ontogen Corporation               03/02/99   frank.axe@ontogen.com
  John Bacsa             Texas A&M, Chemistry              11/04/02   jbacsa@mail.chem.tamu.edu
  Catalin Baetoniu       Starnet Engineering Inc           03/13/98   catalin@writeme.com
  A. Bagaturyants        Inst Chem Phys, Moscow            11/27/96   bagatur@icp.rssi.ru
  Perla Balbuena         Univ South Carolina, ChemEng      10/27/00   balbuena@engr.sc.edu
  Gabriel Balint-Kurti   Univ Bristol, Chemistry           02/19/02   gabriel.balint-kurti@bristol.ac.uk
  Andrew Ban             Univ Texas, Austin, Biochem       03/28/00   aban@lena.cm.utexas.edu
  Kazuhiro Ban           Toyohashi Univ of Tech, Japan     03/16/04   ban@chrom.tutms.tut.ac.jp
  Simon Banks            Univ College London, Chemistry    12/08/00   simon.banks@ucl.ac.uk
  Igor Baskin            Moscow State Univ, Chemistry      12/02/96   baskin@org.chem.msu.su
  Ernani Basso           Univ Estudual de Maringa, Brazil  11/11/02   eabasso@uem.br
  Franck Baud            Incyte Genetics, Palo Alto        04/15/02   fbaud@incyte.com
  Brian Beck             Univ Nevada, Reno, Biochemistry   02/02/03   beckbw@unr.edu
  Steven Beech           Univ College London, Med Sch      12/01/04   s.beech@rfc.ucl.ac.uk
  Andrew Beevers         Univ Leeds, SOMS                  07/20/00   andyb@chemistry.leeds.ac.uk
  Joerg Behler           Rohr-Univ Bochum, Germany         10/10/11   joerg.behler@theochem.rub.de
  Elena Berliba-Vera     Univ New Mexico                   10/20/09   yelenab@unm.edu
  Jeffery Bell           Rensselaer Polytech, Chem         02/28/98   bellj@rpi.edu
  Klaus Belsner          Univ Ulm, Pharmakologie           03/02/02   klaus.blesner@medizin.uni-ulm.de
  Henrik Bergersen       Uppsala Univ, Physics             10/27/05   henrik.bergersen@fysik.uu.se
  Claudia Bertonati      Columbia Univ, Bioch & MolBioph   06/04/03   cb21aa@columbia.edu
  Jiang Bian             Peking Univ, Chemistry            07/26/00   bj@pku.edu.cn
  Nick Blom              Omnigon                           06/18/99   nickblom@omnigon.com
  F. Edward Boas         Stanford Med Sch, Biochem         07/21/00   boas@stanford.edu
  Horst Bogel            Univ Halle, Inst Phys Chem        12/02/97   boegel@chemie.uni-halle.de
  James Bonnar           Racine, Wisconsin                 10/07/04   bonnarj@yahoo.com
  Bonghyun Boo           Chungnan Natl Univ, Korea, Chem   08/31/00   bhboo@cuvic.cnu.ac.kr
  Wayne Bosma            Bradley Univ, Chemistry           08/14/98   bosma@bradley.edu
  Stephen Bowlus         Columbia College, Sonora CA       06/28/10   bowluss@yosemite.edu
  Arnd Brauer            Free Univ Berlin, Biochem         12/01/04   brauer@chemie.fu-berlin.de
  Roman Breiter          Univ Erlangen, Germany            10/20/03   roman.breiter@urt.cbi.uni-erlanger.de
  Stephen Brenner        Bristol-Myers Squibb              07/12/06   stephen.brenner@bms.com
  Frank Broda            Univ Halle, IB Biochemie          05/26/98   broda@biochemtech.uni-halle.de
  Andrew Brown           Univ Alberta, Physics             07/13/98   abrown@phys.ualberta.ca
  Richard E. Brown       Michigan Tech, Chemistry          03/15/05   rebrown@mtu.edu
  Sydney Brownstein      NRC, Ottawa, Canada               05/18/01   sydney.brownstein@nrc.ca
  Janusz Bujnicki        Henry Ford Hosp, Detroit          12/22/98   jbujnic1@hfhs.org
  Francis Bullock        Retired, Chatham, MA              06/02/04   francisjbullock@cs.com
  David Buttar           Zeneca Specialties, Manchester    08/01/98   dbuttar@hxsgiz.zeneca.com
  Erdem Buyukbingul      Univ Sciences Philadelphia        01/08/07   v.psprof@usip.edu
  Amedeo Caflisch        Univ Zurich, Biochemistry         04/25/00   caflisch@bioc.unizh.ch
  Victor Calvoperez      Univ de Chile, Santiago           10/20/02   vcalvo@abello.dic.uchile.cl
  Noel Carrascal         Rego Park, NY                     12/27/03   noelcjr@hotmail.com
  Ben Carrington         Cambridge Univ, Pharmacology      01/02/02   bjc32@cam.ac.uk
  Brian Carroll          Metagenics, Gig Harbor, WA        10/05/07   briancarroll@metagenics.com
  David Case             Scripps Research Inst             07/08/96   case@scripps.edu
  Michael Cassidy        Polson, Montana                   10/23/00   mcassidy@bigsky.net
  Luigi Cavallo          Univ Naples, Chemistry            02/02/98   cavallo@chemna.dichi.unina.it
  Claudio Cavasotto      UT Health Sci Center, Houston     11/20/07   claudio.n.cavasotto@uth.tmc.edu
  Paolo Cavatorta        Univ Parma, Physics               04/12/97   pcav@prix7.fis.unipr.it
  Christopher Chapo      UC Berkeley, Saykally Lab         07/06/97   chapo@uclink4.berkeley.edu
  Michael Charlton       Oxford Asymmetry International    06/28/00   mcharlton@oai.co.uk
  P. Chavatte            Univ Lille2, Inst Chem Pharm      10/18/97   pchavatt@phare.univ-lille2.fr
  Christopher Cheatum    MIT, Chemistry                    04/19/02   cheatum@mit.edu
  Jian Chen              Beijing Inst Tech, Mech Engin     11/09/01   chenzhz@sohu.com
  Yee Chiew              Rutgers Univ, Chem Engin          07/14/05   ychiew@soemail.rutgers.edu
  G. Chilov              Moscow State, Belozersky Inst     07/12/02   ghermes@belozersky.msu.ru
  Kou-Wei Chiu           Vanderbilt Univ Sch Med           02/19/99   kou-wei.chiu@mcmail.mc.vanderbilt.edu
  Hanjoung Cho           Chungnan Natl Univ, Korea, Chem   08/31/00   hanjoung@hanmail.net
  Niharendu Choudhury    Bhabha Atomic Rsch Center, India  11/11/02   nihcho@magnum.barc.ernet.in
  Maksymilian Chruszcz   Jagiellonian Univ                 07/06/98   chruszcz@topaz.ch.uj.edu.pl
  Thomos C. Clancy       NASA Langley Research Center      09/08/03   t.c.clancy@larc.nasa.gov
  David Clary            Univ College London, Chemistry    11/17/00   d.c.clary@ucl.ac.uk
  Charles Claude         Guidant, Santa Clara              09/29/04   cclaude@guidant.com
  Beverly Clayton        Pittsburgh Supercomp Center       12/08/97   clayton@psc.edu
  Paul de Cointet        Sanofi Recherche, Toulouse        04/03/98   paul.cointet@tls1.elfsanofi.fr
  Laurence Cool          USDA ARS, Albany, CA              12/01/09   larry.cool@sbcglobal.net
  Pablo Corno            Vanzago Mi, Italy                 09/11/98   paolocorno@usa.net
  Stefano Costanzi       Univ Camerino, Chemistry          03/28/98   s_costanzi@geocities.com
  Pietro Cozzini         Univ Parma, Chemistry             02/09/98   cozzi@ipruniv.cce.unipr.it
  Oakley Crawford        Oak Ridge Natl Lab, Comp Biosci   04/22/98   crawfordoh@ornl.gov
  Manh-Thong Cung        UMR CNRS-INPL, Nancy              01/31/00   manh-thong.cung@ensic.impl-nancy.fr
  Kiesan Curley          American Health Foundation        08/03/00   kccurley_2000@yahoo.com
  Joseph Curtis          NIST, Gaithersburg, MD            06/19/05   joseph.curtis@nist.gov
  Vincenzo Cutello       Univ Catania, Matematica Inform   09/23/05   vctl@dmi.unict.it
  Tom Darden             NIH, NIEHS, Research Triangle     03/01/03   darden@niehs.nih.gov
  Carl David             Univ Connecticut, Chemistry       08/01/01   carl.david@uconn.edu
  Anthony DeBellis       Ciba, Tarrytown, NY               04/01/08   anthony.debellis@ciba.com
  Asim Debnath           New York Blood Center             08/17/05   adebnath@nybloodcenter.org
  Ramesh Deka            Univ Tokyo, Applied Chemistry     03/05/01   ramesh@qcl.t.u-tokyo.ac.jp
  Roger DeKock           Calvin College, Chem & Biochem    06/27/08   dekock@calvin.edu
  Michael Deleuze        Limburgs Univ Centrum, SGB        06/30/99   deleuze@luc.ac.be
  Gail Dempsey           Univ Virginia, Chem Engin         06/20/00   gd2f@virginia.edu
  Gerardo Diaz           Simon Fraser Univ, Chem           07/17/98   diazqui@sfu.ca
  Bernhard Dick          Univ Regensburg, Germany          02/17/06   bernhard.dick@chemie.uniregenburg.de
  Mathieu Didier         CEA-Le Ripault, Monts, France     07/28/00   mathieu@ripault.cea.fr
  Gino DiLabio           Natl Rsch Council, Ottawa         07/16/01   gino.dilabio@nrc.ca
  Hui Ding               Univ Utah, CCCD                   04/18/04   hui.ding@utah.edu
  David Dixon            Univ Alabama, Chemistry           07/23/10   dadixon@bama.ua.edu
  Olga Dmitrenko         Inst Surface Chem, Ukraine        06/10/97   odmitr@gas.freenet.kiev.ua
  Marion Dodson          Univ Texas Galveston, HBC&G       01/02/03   bdodson@scms.utmb.edu
  John Dogbe             Univ Nevada-Reno, Chemistry       12/18/01   dogbe@chem.unr.edu
  Alessandro Dolmella    Univ Padova, Sci Farmaceutiche    07/10/00   dolmella@dsfarm.unipd.it
  Gyula Domotor          Attila Jozsef Univ, Phys Chem     02/10/98   domotor@chem.u-szeged.hu
  Jason Donald           Harvard Univ, Chem & Chem Biol    08/09/06   jdonald@fas.harvard.edu
  L. Dosen-Micovic       Univ Belgrade, Chemistry          10/01/96   lmicovic@hf01.chem.bg.ac.yu
  Erik Draeger           Lawrence Livermore Natl Lab       11/28/01   draegerl@llnl.gov
  Baogen Duan            Shanghai Inst Org Chem, CAS       09/04/10   duanbaogen@sioc.ac.cn
  Nigel Duffy            Pharmix Corp, Brisbane, CA        03/14/05   nigel@pharmix.com
  Brian Duke             Northern Terr Univ, Darwin        04/16/98   b_duke@lacebark.ntu.edu.au
  Julian Echave          Univ Nac de Quilmes, Argentina    04/10/01   je@unq.edu.ar
  Arthur Edwards         AFRL/VSSE, KAFB, New Mexico       02/28/00   edwardsa@plk.af.mil
  Abdalla El-Mowafy      Kuwait Univ, Pharmacy             10/01/00   aelmowafy@hsc.kuniv.edu.kw
  Robert Engel           CRBA UMR CNRS, Pharmacie          12/14/00   engelbob@pharma.univ-montp1.fr
  Roman Efremov          Russian Acad Sciences, Moscow     09/09/03   efremov@nmr.ru
  Lars Eriksson          Univ Stockholm, Structural Chem   01/25/05   lerik@struc.su.se
  Emilio Esposito        North Dakota State, Chemistry     02/13/04   emilio.esposito@ndsu.nodak.edu
  Lothar Esser           Natl Inst of Health, Cell Bio     08/26/11   lesser@helix.nih.gov
  Trevor Esward          Natl Physics Lab, Teddington      07/28/04   trevor.esward@npl.co.uk
  Christoph Etzlstorter  Johannes Kepler Univ, Org Chem    04/17/98   ch.etzlstorter@jk.uni-linz.ac.at
  Jon Eva                Oxford Molecular Ltd              07/02/97   jeva@oxmol.co.uk
  Thomas Exner           Univ Konstanz, Germany            11/10/05   thomas.exner@uni-konstanz.de
  Hao Fan                UCSF, Pharm Chem                  11/08/07   hfan@salilab.org
  Jian Fang              Lanzhou Univ, Chem & Chem Eng     11/10/07   fangj@lzu.edu.cn
  Stayros Farantos       IESL/FORTH, Crete, Greece         07/05/02   farantos@iesl.forth.gr
  Clifford Felder        Weizmann Inst, Struct Biol        09/10/09   clifford.felder@weizmann.ac.il
  Ryan Fenno             Indiana Univ, Bloomington         05/25/05   rfenno@indiana.edu
  Gyorgy Ferenczy        Budapest Univ Tech & Econ         10/17/01   gyorgy.ferenczy@sanofi-synthelabo.com
  Mokhtar Ferid          Inst Nat Rsch Sci Tech, Tunisia   08/09/02   mokhtar.ferid@inrst.rnrt.tn
  M. Fernandez-Fuentes   Albert Einstein Coll of Med       11/29/05   narcis@fiserpab.org
  Valeria Ferretti       Univ Ferrara, Chemistry           11/23/01   frt@unife.it
  Kim Ferris             Pacific Northwest Natl Lab        01/20/97   kim@darter.pnl.gov
  Frank Fisher           Northwestern Univ, Mech Eng       07/05/01   f-fisher@nwu.edu
  Patrick Fleming        Johns Hopkins Univ, Chem Eng      12/15/00   pat.fleming@jhu.edu
  George Ford            Southern Methodist Univ, Chem     03/06/98   gford.smu.edu
  Masume Foroutan        Univ Tehran, Phys Chem            01/31/10   foroutan@khayam.ut.ac.il
  Mark Forster           NIBSC                             03/01/99   mforster@nibsc.ac.uk
  Raymond Fort           Univ Maine, Chemistry             04/17/02   rofort@maine.edu
  Donata Frank           Ortech Corporation                05/19/98   dfrank@ortech.on.ca
  Martin Frank           DKFZ, Heidelberg                  01/17/03   m.frank@dfkz.de
  Zoraida Freixa         Univ Autonoma de Barcelona        09/03/98   zoraida@neron.uab.es
  Joel Fried             U Cincinnati, Chem & Mat Eng      07/16/04   joel.fried@uc.edu
  Michael Frisch         Lorentzian Inc                    02/06/98   frisch@lorentzian.com
  Koyu Fujita            Montana State, Chem & Biochem     04/24/09   kfujita@chemistry.montana.edu
  Tadao Fujita           Molecule Co Ltd, Chiba, Japan     10/10/98   molecule@pop12.odn.ne.jp
  Toshimichi Fujiwara    Osaka Univ, Inst Protein Rsch     12/27/02   tfjwr@protein.osaka-u.ac.jp
  Neha Gandhi            Zydus Rsch Centre, Moriya, India  08/24/05   nehagandhi@zyduscadila.com
  Fan Gao                Mayo Foundation                   02/21/02   gao.fan@mayo.edu
  Barbara Garrison       Penn State Univ, Chemistry        07/29/02   bjg@psu.edu
  B. Gauthier-Manuel     LPMO/CNRS, Besancon               09/03/99   gauther@lpmo.univ-fcomte.fr
  Alexey Gerbst          Russ Acad Sci, Zelinsky Inst      08/07/98   gerbst@hcc.keldysh.ru
  William Gleason        Univ Minnesota, Lab Med & Path    01/18/04   bgleason@umn.edu
  Andreas Goeller        Univ Jena, Germany, Phys Chem     03/21/00   goeller@pc04.chemie.uni-jena.de
  Mohammad Gholami       Sharif Univ Tech, Chem, Tehran    11/14/07   gholami@sharif.edu
  Luiz Gomide Freitas    DQ-UFSCar, Brazil                 04/10/99   gomide@dq.ufscar.br
  Paulo Goncalves        Inst Quimica-UFR5, UFRGS, Brazil  04/19/00   paulo@iq.ufrgs.br
  Jonathan Goodman       Cambridge Univ, Chemistry         09/18/03   j.m.goodman@ch.cam.ac.uk
  Haik Gottschalk        Konstanz, Germany                 03/08/02   haik.gottschalk@gwx.de
  Jan Goetze             Univ Potsdam, Inst Chemie         03/10/08   jgoetze@rz.uni-potsdam.de
  William Goure          Acumen Pharm, San Francisco       02/21/05   wgoure@acumenpharm.com
  Giovanni Granucci      Univ Pisa, Chemica & Ch Industr   05/21/07   granucci@dcci.unipi.it
  Antonio Grassi         Univ Catania, Chimiche            11/03/00   agrassi@dipchi.unict.it
  Niels Gregerson        Aarhus Univ                       01/29/98   nig@mmf.aau.dk
  David Gregory          Univ London, Inst Cancer Rsch     11/07/97   d.gregory@icr.ac.uk
  Marcel de Groot        Pfizer, Kent, England             08/25/10   marcel.degroot@pfizer.com
  Ulrich Grummt          Univ Jena, Inst Phys Chem         11/29/01   cug@uni-jena.de
  Yuan Gu                Peking Univ, Chemistry            08/29/08   guyuan@pku.edu.cn
  David Guieysse         INSA, Biotechnology, Toulouse     10/26/04   david.guieysse@insa-toulouse.fr
  Weihua Guo             Univ Chicago, Chemistry           02/03/03   whguo@uchicago.edu
  J. Gutierrez-Zorrilla  Univ Pais Vasco, Spain            01/14/97   qipguloj@lg.ehu.es
  Olgun Guvench          Binax Inc                         06/25/98   og32@columbia.edu
  Michael Hall           Texas A&M, Chemistry              11/01/02   mbhall@tamu.edu
  Chang Dae Han          Univ Akron, Dept Polymer Engin    04/14/03   cdhan@uakron.edu
  Ju-Guang Han           Jackson State Univ, Chemistry     06/23/05   hjg212@yahoo.com
  Peter Happersberger    Univ Konstanz, Chemistry          03/14/98   peter.happersberger@uni-konstanz.de
  Reece Hart             Genentech, San Francisco          06/15/01   rkh@gene.com
  Bernd Hartke           Univ Stuttgart, Inst Theor Chem   11/21/01   hartke@theochem.uni-stuttgart.de
  William Hartman        Georgetown Univ, Cell Biology     06/09/99   hartmanj@odrge.odr.georgetown.edu
  Jeremy Harvey          Univ Bristol, Chemistry           11/19/02   jeremy.harvey@bris.ac.uk
  Yoshiyuki Hase         UNICAMP, Inst Quimica             04/27/97   hase@iqm.unicamp.br
  Jindrich Hasek         IMC CAS, Praha, Czech Republic    10/18/99   hasek@imc.cas.cz
  Marti Head             GlaxoSmithKline, Collegeville PA  07/29/10   martha.s.head@gsk.com
  Hans Heitele           Univ Bremen, Germany              03/30/98   hheitele@uni-bremen.de
  Damian Hejduk          Warsaw Univ Tech, Chemistry       09/28/99   damian@chemix.ch.pw.edu.pl
  Wayne Hendrickson      Columbia Univ, Biochem            09/04/03   wayne@convex.hhmi.columbia.edu
  Douglas Henry          MDL Info Systems Inc              11/01/97   dough@mdli.com
  Judson Henry           N/A, Philadelphia                 11/08/97   suejud@bellatlantic.net
  Aleksander Herman      Tech Univ Gdansk, Poland          04/03/03   holo@chem.pg.gda.pl
  Rudolf Herrmann        ITQB, Oeiras, Portugal            01/09/01   herrmann@itqb.unl.pt
  Csaba Hetenyi          Uppsala Univ, Biochem             11/30/00   csabahete@yahoo.com
  Richard Hilderbrandt   NCI-Frederick Supercomp Center    04/22/97   hilderbr@ncifcrf.gov
  Newton Hilliard        SE Louisiana Univ, Chem & Phys    08/07/98   nhilliard@selu.edu
  Sarah Hinchley         Edinburgh Univ, Chemistry         02/01/01   dwhr08@holyrood.ed.ac.uk
  Miriam Hirshberg       Cambridge Univ, Biochemistry      07/02/99   m.hirshberg@mole.bio.cam.ac.uk
  Siegfried Hoefinger    Novartis, Vienna, Austria         06/11/02   siegfried.hoefinger@pharma.novartis.com
  Michael Hollars        Protein Mechanics Inc             03/29/01   mhollars@proteinmechanics.com
  Asbjorn Holt           Univ Lund, Theoretical Chem       01/29/10   asbjorn.holt@teokem.lu.se
  Huixiao Hong           NCI, NIH                          03/03/98   huixiao@helix.nih.gov
  Hans Horn              IBM Research, Almaden             06/02/04   hans@almaden.ibm.com
  Jozef Hritz            Univ P. J. Safarika, Biophysics   07/10/01   hritz@seneca.science.upjs.sk
  Yu-chen Hu             Univ Michigan, Medical Science    04/08/04   huyc@umich.edu
  Philip Hughes          InnovaSyn LLC, Chapel Hill        10/31/05   phughes@nc.rr.com
  Maninder Singh Hundal  Guru Nanak Dev Univ, India        07/01/02   mshundal@angelfire.com
  Ahmad Husain           Aligarh Muslim Univ, India        03/26/10   ahusain.rs@amu.ac.in
  Yousuff Hussaini       CSIT, Florida State Univ          07/15/04   myh@csit.fsu.edu
  Yasuhiro Iihashi       Science House Inc, Toyko          12/07/98   iihashi@email.sciencehouse.co.jp
  James Irving           Biochem & Mol Bio, Monach Univ    10/11/02   james.irving@med.monash.edu.au
  John Irwin             MRC, Mol Biol, Cambridge          09/16/96   ji10@mrc-lmb.cam.ac.uk
  Isidoros Iakovidis     Tech Inst of Athens, Greece       03/09/00   iiakovidis@teiath.gr
  Tzvetelin Iordanov     PNNL, Richland, Washington        10/18/04   tzvetelin.iordanov@pnl.gov
  Makoto Ishikawa        Nissan Chemical, Chiba, Japan     03/09/05   ishikawam@nissanchem.co.jp
  Bozhidarka Ivanova     Sofia Univ, Chemistry, Bulgaria   09/26/02   ahbi@chem.uni-sofia.bg
  Petuo Ivanov           Bulgarian Acad Sci, Org Chem      11/27/96   ivanov@bgearn.acad.bg
  Kensuke Iwahashi       Inst Molecular Sci, Okazaki       03/04/11   iwahashi@ims.ac.jp
  Saul Jacchieri         Hosp A C Camargo, Sao Paulo       07/12/97   jacchier@fcrfvi.ncifcrf.gov
  Henri-Pierre Jacquot   Univ Paul Sabatier, France        03/11/06   hp_jacquot@yahoo.fr
  Jiri Janecek           Brno Univ Tech, Czech Republic    01/30/07   janecek@fch.vutbr.dz
  Paola Jarmillo         Mech & Aero Eng, Rutgers Univ     06/27/06   paolajc@eden.rutgers.edu
  Mark Jensen            CHM, Argonne Natl Labs            07/07/04   mjensen@anl.gov
  Ho Young Jeong         Kumho Chemical Lab, Taejon        11/28/96   jeonghy@camd1.kkpcr.re.kr
  Grzegorz Jezierski     Inst Mol Biol, Jagiellonian Univ  03/22/00   gj@mol.uj.edu.pl
  Glenn Johnson          USDA, ARS, SRRC, New Orleans      09/15/98   gjohnson@nola.srrc.usda.gov
  Joseph Johnson         Mayo Clinic, Jacksonville FL      08/23/02   johnson.joseph@mayo.edu
  Kenneth Jordan         Univ Pittsburgh, Chemistry        02/19/01   jordan@a.psc.edu
  Flemming Jorgensen     Royal Danish Sch Pharm            11/26/96   flemming@medchem.dfh.dk
  Robert Jorissen        Ludwig Inst Cancer, Victoria      02/19/01   robert.jorissen@ludwig.edu.au
  Kalju Kahn             UC Santa Barbara, Chem & Biochem  09/07/01   kalju@bioorganic.ucsb.edu
  Andrey Kalinichev      Univ Illinois, Geology            07/08/05   kalinich@uiuc.edu
  Hiqmet Kamberaj        Manchester Metropolitan Univ      02/10/04   h.kamberaj@mmu.ac.uk
  Andreas Kamper         Max Planck Inst for Informatics   12/19/03   akaemper@mpi-sb.mpg.de
  K. Kantardjieff        Cal State Fullerton, Chemistry    01/18/02   kkantardjieff@fullerton.edu 
  V. Kapaleewaran        Univ Toledo, Chemistry            09/12/02   vkabale@uoft02.utoledo.edu
  Goergios Kapsomenos    Aristotle Univ Thessaloniki       09/19/00   kapsom@chem.suth.ge
  Seigmar Kardinal       Univ Vienna, Inst Org Chem        06/01/98   kardinal@methin.orc.univie.ac.at
  Masaya Kawase          Osaka Univ, Pharm Sci             12/04/01   kawase@phs.osaka-u.ac.jp
  Shahar Keinan          Northwestern Univ, Chemistry      12/04/02   shahar@chem.nwu.edu
  William Kelly          Southwestern OK State Univ        02/08/08   william.kelly@swosu.edu
  Zia Khan               Islamia Univ, Pakistan, Chem      08/07/99   zfk@bwp.zoooom1.net
  Ahmad Khoramabadi-zad  Bu-Ali Sina Univ, Iran, Chem      10/18/06   khoram@myway.com
  Joohyun Kim            Univ Ill-Chicago, Chemistry       01/05/05   kimjh@uic.edu
  Mikhail Kirov          Inst Earth Cryosphere, Russia     02/15/08   kirov@ikz.ru
  Tooru Kitagawa         Toyobo Rsch Cntr, Shiba, Japan    02/14/03   tooru.kitagawa@kty.toyobo.co.jp
  Alexander Klevanik     Inst BRB, Puchchino, Russia       03/14/03   eissov@rambeer.ru
  E. W. Knapp            Freie Univ Berlin, Kristallogr    12/31/96   knapp@chemie.fu-berlin.de
  James Knittel          Univ Cincinnati, Pharmacy         11/18/04   james.knittel@uc.edu
  Hidetoshi Kono         Japan Atomic Energy Rsch Inst     10/04/02   kono@apr.jaeri.go.jp
  Tamas Kortvelyesi      Attila Jozsef Univ, Phys Chem     01/31/97   kortve@chem.u-szeged.hu
  D. Kosov               NMRC, Univ College, Cork          10/25/00   dkosov@nmrc.ie
  Rakashi Koshimizu      Hitachi Kokusai Electric, Toyama  06/10/09   koshimizu.takashi@h-kokusai.com
  Andreas Kraska         Harz-Klinikum Wernigerode         03/26/98   andreas.kraska@hbs.regiocom.net
  Holger Kremmin         Univ Mainz, Inst Immunology       08/19/99   kremmin@mail.uni-mainz.de
  James Kress            N/A, Northville, MI               10/04/99   jimkress@kressworks.com
  Alexei Kubasov         Moscow State Univ                 11/27/96   kubasov@comp.chem.msu.su
  J. A. van Kuik         Utrecht Univ, Bioorg Chem         10/13/99   kuik@boc.chem.uu.nl
  Sandeep Kumar          Pfizer, Chesterfield              07/10/07   sandeep.kumar@pfizer.com
  Shanti Kunchaparty     Yale Univ, MB&B                   03/17/98   shanti@csb.yale.edu
  I. D. Kuntz            UCSF, Pharm Chem                  07/11/96   kuntz@cgl.ucsf.edu
  Vladimir Kuzmin        SRIOCT, Moscow                    11/27/02   id@gosniiokht.rmt.ru
  Monique Laberge        Semmelweis Univ, Budapest         11/09/01   laberge@puskin.sote.hu
  Mario Garcia Lacoba    CIB-CSIC, Madrid                  01/10/02   mario@cib.csic.es
  Michel Laguerre        IECB, Pessac Cedex, France        11/15/02   m.laguerre@iceb.polytechnique.u-bordeaux.fr
  Oliver Langer          Univ Vienna, Inst Org Chem        06/01/98   langer@felix.orc.univie.ac.at
  Harald Lanig           Univ Erlangen, Inst Org Chem      10/05/99   lanig@chemie.uni-erlangen.de
  Marc Lavine            MIT, Chem Eng, 66-453             05/24/00   lavine@mit.edu
  Yoon Sup Lee           Korea Adv Inst Sci & Tech         05/22/97   yslee@convex.kaist.ac.kr
  Laurence Leherte       Univ Namur, Belgium               09/28/04   laurence.leherte@fundp.ac.be
  Francesco Lelj         Univ Basilicata, Chimica          08/15/09   francesco.lelj@unibas.it
  Martin Lema            Univ Nac de Quilmes, Argentina    04/10/01   mlema@unq.edu.ar
  Hannah Leverentz       Univ Minnesota, Chemistry         05/14/09   lever046@umn.edu                  
  Richard Lewis          Novartis, CAMM, Basel             11/26/09   richard.lewis@novartis.com
  Pai-Chi Li             Univ Texas, Austin, Chemistry     02/24/03   paichili@mail.utexas.edu
  Joao Otavio Lins       UFRJ, Inst Quimica                11/29/97   jomal@iq.ufrj.br
  Anna Linusson          AstraZeneca, Molndal, Sweden      09/11/03   florian.raubacher@astrazeneca.com
  Zhifeng Liu            Chinese Univ Hong Kong, Chem      08/02/05   liu@liual.chem.cuhk.edu.hk
  Paul Lloyd-Williams    Univ Barcelona, Quim Organica     10/01/02   lloyd@qo.ub.es
  Daren Lockwood         Univ Texas, Austin                10/12/99   daren@mail.utexas.edu
  Gerald Loeffler        Univ Vienna, Inst Mol Path        03/18/97   gerald.loeffler@univie.ac.at
  Mika Lofman            Univ Jyvaskyla, Chem, Finland     03/20/09   milofman@iyu.fi
  Jaap Louwen            Albemarle Catalysts, Amsterdam    08/11/10   jaap.louwen@albemarle.com
  Jianyun Lu             Washington Univ Sch Med           05/07/97   lujy@seesaw.wustl.edu
  Xiaohua Lu             Nanjing Univ, ChemE & Chem        03/15/06   xhlu@njut.edu.cn
  Xin Lu                 Xiamen Univ, China, Chemistry     06/28/00   xinlu@xmu.edu.cn
  Ida N. L. Ma           Hong Kong Polytech Univ           08/16/99   bcnlma@poly.edu.hk
  Shihua Ma              Inst Physics, Chinese Acad Sci    04/01/04   mashihua@aphy.iphy.ac.cn
  Hans-Georg Mack        Univ Tubingen, Inst Phys Chem     03/03/99   hans-georg.mack@uni-tuebingen.de
  Andrei Madami          Menarini Ricerche S.P.A.          03/22/99   menric@tin.it
  Soren Madsen           Univ Arhus, Chemistry             10/22/07   spm@chem.au.dk
  Chi Mak                Univ Southern Cal, Chemistry      12/06/10   cmak@usc.edu
  Lora Mak               Inst Med Rsch, Zagreb, Croatia    01/16/03   mak@imi.hr
  T. E. Malliavin        IBPC, Lab Biochem Theor, Paris    08/13/01   therese.malliavin@ibpc.fr
  Joao Mano              Univ Minho, Poly Engin, Portugal  03/06/02   jmano@dep.uminho.pt
  Spero Manolatos        New York, NY                      10/28/00   speroleem@aol.com
  Avinash Marathe        Mahindra British Telecom          05/31/99   sudhirk@mahindrabt.com
  Giancarlo Marconi      CNR-ISOF, Bologna, Italy          04/20/05   marc@isof.cnr.it
  Jean-Didier Marechal   Univ Leicester, Biochem           12/17/04   jeandidier_marechal@yahoo.com
  Leandro Martinez       EPR, Nat Lab Sincrotron Light     03/08/01   martinez@lnls.br
  Marco Masia            UPC, Fisica & EN, Barcelona       07/24/03   marco.masia@upc.es
  Sherri Mason           SUNY Fredonia, Chemistry          08/26/05   mason@fredonia.edu
  P. P. Mathur           Pondichessy U, Bioinfo, India     12/23/05   bicpu2001@yahoo.com
  Janka Matrai           Katolickhe Univ Levven, Belgium   09/13/02   janka.matrai@fys.kulevven.ac.be
  Toshiaki Matsubara     QuLiS Hiroshima Univ              04/14/04   matsu05@hiroshima-u.ac.jp
  Takeshi Matsumoto      Hokkaido Univ, Chemistry          04/05/03   t0matsum@hucc.hokudai.ac.jp
  Peter Maye             3M Pharmaceuticals, St Paul       08/02/02   pjmaye@mmm.com
  Georg Mayr             Univ Hamburg-Eppendorf            09/23/05   mayr@uke.uni-hamburg.de
  James McAliley         Clemson Univ, Chem Engin          09/09/04   mcalilj@clemson.edu
  Patrick McArdle        NUI, Galway, Ireland              04/17/00   p.mcardle@nuigalway.ie
  Ropbert McMahan        Redmond, Oregon                   10/19/07   bobm@bendnet.com
  Ye Mei                 Nanjing Univ, Theor Comp Chem     01/10/03   ymei@itcc.nju.edu.cn
  Hagai Meirovitch       Florida State Univ, SCRI          04/15/99   hagai@scri.fsu.edu
  Manuel Melle-Franco    Univ Bologna, Chimica             10/04/01   manu@ciam.unibo.it
  Giovanni Meloni        CILEA, Segrate, Italy             03/31/04   meloni@cilea.it
  Raul Mendez            Univ Autonoma, CMB, Madrid        08/12/08   raulmendez@cbm.uam.es
  Scot Mente             Pfizer Central Rsch Div           08/15/05   scot.mente@pfizer.com
  Grant Merrill          Covalent Technologies             11/13/01   grantm@covalent.to
  James Metz             Esperion Therapeutics, Ann Arbor  11/15/01   jmetz@esperion.com
  Michael Meyer          Konrad-Zuse-Zentrum, Berlin       03/05/99   meyer@zib.de
  Mihaly Mezei           Mount Sinai, Physiol & Biophys    07/01/02   mezei@inka.mssm.edu
  Stanislav Miertus      ICS-UNIBO, Trieste, Italy         04/05/06   stanislav.miertus@ics.trieste.it
  Milan Mijajlovic       Univ Edinburgh, Scotland          11/12/06   m.mijajlovic@ed.ac.uk
  Richard Miller         Shreive Chem Prod, Spring TX      12/17/09   rmiller@shrieve.com
  Jeff Miner             3M Company, Maplewood, MN         02/22/05   jsminer@mmm.com
  Oliver Mirus           Univ Kiel, Botanisches Inst       04/14/03   oliver.mirus@gmx.net
  G. R. Mitchell         Univ Reading, Thomson Lab         03/03/97   g.r.mitchell@reading.ac.uk
  Julie Mitchell         San Diego Supercomputer Center    08/02/99   mitchell@sdsc.edu
  Abhijit Mitra          Int Inst Inform Tech, Hyderabad   01/06/03   abi_chem@iiit.net
  Kunihiro Mitsutake     Canon Rsch Center, Tokyo          04/18/07   mitsutake.kunihiro@canon.co.jp
  Venkatraman Mohan      Isis Pharmaceuticals              02/10/98   vmohan@isisph.com
  Stephen Molnar         Foundation for Chemistry          11/27/96   smolnar@pop.service.ohio-state.edu
  Wijnand Mooij          Utrecht Univ, Cryst&Struct Chem   07/28/97   mooy@chem.puu.nl
  Jonathan Moore         Dow Chemical, Midland             08/27/04   jmoore2@dow.com
  Oscar Moran            ICB-CNR, Genova, Italy            04/06/01   moran@barolo.icb.ge.cnr.it
  Cristian Morari        ITIM, Cluj-Napoca, Romania        07/11/97   cristian@lso.itim-cj.ro
  Y. Moreau              CEA, Le Rinault, Monts, France    08/20/01   moreauy@rinault.cea.fr
  Nelson Morgon          UNICAMP, Chemistry, Brazil        08/27/97   nelson@iqm.unicamp.br
  Yukio Mori             Ocahnomizu Univ, Chem, Tokyo      02/16/05   ymori@tree.odn.ne.jp
  Kenji Morimoto         HPC Systems, Tokyo                09/28/09   morimoto@hpc.co.jp
  Jules Moskowitz        New York Univ, Chemistry          01/21/05   jules.moskowitz@nyu.edu
  Arash Mousavi          Univ New Mexico                   08/31/09   mousavi@unm.edu
  Normand Mousseau       Univ Montreal, Physique           07/03/03   normand.mousseau@umontreal.ca
  Guillermo Moyna        Texas A&M Univ, Chemistry         10/15/97   gmoyna@cbnmr.chem.tamu.edu
  C. Muck-Lichtenfeld    Westfalische Wilhelms-U, Munich   12/08/99   cml@uni-muenster.de
  Yoichi Muraoka         Waseda Univ, Tokyo                11/28/07   muraoka@waseda.jp
  Katsumi Murata         Kyoto Univ, Pharm Sciences        12/15/03   murata@pharm.kyoto-u.ac.jp
  Krzysztof Murzyn       Jagiellonian Univ, Mol Biol       01/07/99   murzyn@mol.uj.edu.pl
  Yusuke Nagai           MIT, Biomed Engineering           01/09/06   yusuken@mit.edu
  Kate Nairn             CSIRO Manuf & MatTech, Victoria   09/08/06   kate.nairn@csiro.au
  Francisco Najera       Univ Malaga, Quimica Organica     02/25/04   najera@uma.es
  Shinichiro Nakamura    Mitsubishi Chemical, Yokohama     12/19/03   shin@rc.m-kagaku.co.jp
  Susumu Nakayama        Nagasaki Univ Med Sch, Biochem    07/15/02   f0539@cc.nagasaki-u..ac.jp
  Hemant Nanavati        IIT, Bombay, Chem Eng             03/11/05   hnanavati@che.iitb.ac.in
  Shinkoh Nanbu          Kyushu Univ, Computer Center      08/11/06   nanbu@cc.kyushu-u.ac.jp
  Anos Natshch           Univ Kuopio, Finland              04/22/04   anos.natshch@uku.fi
  Yasushi Negishi        IBM Japan, Ltd., Yamato           09/15/06   negishi@jp.ibm.com
  Alexandra Nemkevich    Univ Western Australia, Perth     07/06/09   nemkea01@stuydent.uwa.edu.au
  Johannes Neugebauer    Vrije Univ Amsterdam, Theor Chem  03/18/05   j.neugebauer@few.vu.nl
  Van Nguyen             UCLA, Chemical Engineering        06/25/01   vann@ucla.edu
  Francesco Nicolo       Univ Messina, Inorg Chem          02/04/98   nicolo@medif2.unime.it
  Carlos Tomas Nieta     Universidad de Salamanca, Spain   10/28/11   eneas@usal.es
  Ming Ning              Michigan Tech, Chemistry          03/06/05   mning@mtu.edu
  Alexander Nip          Univ Montreal, Biochemie          07/27/00   anip@bch.umontreal.ca
  Vincent Noinville      CNRS-LPCB                         12/06/96   noinville@glvt-cnrs.fr
  Yehor Novikov          Kent State Univ                   04/24/01   ynovikov@kent.edu
  Tomas Obsil            FgU AVCR, Prague                  03/05/99   obsil@biomed.cas.cz
  Carmen Ocal            ICMM-CSIC, Madrid                 05/05/00   carmen.ocal@icmm.csic.es
  Taro Ogurusu           Iwate Univ, Comp & Info Sci       12/01/97   ogurusu@cis.iwate-u.ac.jp
  Ken Okada              Osaka Univ, Inst Protein Rsch     11/17/00   okadak@protein.osaka-u.ac.jp
  Ivan Oleinik           Univ Oxford, Materials            05/06/98   ivan.oleinik@materials.ox.ac.uk
  Satomi Onoue           Itoham Foods, Central Research    05/19/99   onoue@fureai.or.jp
  William O'Reilly       Mercury Computer Systems          04/18/02   woreilly@mc.com
  Peter Ortoleva         Indiana Univ, Chemistry           05/04/01   ortoleva@indiana.edu
  Ferenc Otvos           Hungarian Acad Sci, Biochem       02/12/98   otvos@rosi.szbk.u-szeged.hu
  Kevin Page             Morrisville, NC                   02/07/02   ktpage@msn.com
  Alberto Pais           Univ Coimbra, Chem, Portugal      02/23/98   pais@cygnus.ci.uc.pt
  Bela Paizs             DKFZ, Mol Biophys, Heidelberg     07/26/99   b.paizs@dkfz-heidelberg.de
  Juliana Palma          Univ Nac de Quilmes, Argentina    04/10/01   juliana@unq.edu.ar
  Vijay Pande            Stanford Univ, Chemistry          03/28/00   pande@stanford.edu
  Jaroslaw Panek         Univ Wroclaw, Chemistry           10/18/05   jarek@elrond.chem.uni.wroc.pl
  George Patargias       Oxford Univ, Biochem              07/07/05   georgep@biop.ox.ac.uk
  Maria Paterlini        Certusoft, Minneapolis            11/03/02   germana@certusoft.com
  Yauheni Paulechka      Belarusian State Univ, Minsk      03/29/02   paulechka@bsu.by
  Rosalie Peck           Pace Univ, New York City          08/04/05   rosaliepeck@gmail.com
  Frank Peelman          Lipoprotein Chemie, Univ Ghent    03/03/00   frank.peelman@rug.ac.be
  Leora Peltz            Case Western Reserve Univ         06/12/00   explo@po.cwru.ecu
  A. de Seixas Pereira   CENAPAD-SP/UNICAMP, Brazil        12/15/99   ana@cenapad.unicamp.br
  Lalith Perera          Univ North Carolina, ATN          10/27/00   lalith_perera@unc.edu
  Valery Petrykin        Tokyo Inst Tech, Mat & Struct     10/22/98   valery1@rlem.titech.ac.jp
  David Peyton           Portland State Univ, Chem         03/13/98   peytond@pdx.edu
  Fabio Pichierri        Riken Yokohama Inst, Yokohama     01/17/01   fabio@gsc.riken.go.jp
  Mariusz Pilch          Jagiellonian Univ, Comput Chem    01/16/04   pilch@chemia.ui.edu.pl
  Udaya Pillalamarri     Drexel Univ Med Sch, Biochem      11/09/04   up32@drexel.edu
  Andrey Pimerzin        Samara State Tech Univ, Russia    03/29/02   scnpa@sstu.edu.ru
  Jose Maria Pires       Univ Fed do Esp Santo, Fisica     06/01/01   josempires@escelsa.com.br
  Will Pitt              Celltech PLC, Cambridge, UK       12/14/99   willpitt@chiroscience.com
  Eugenia Polverini      Univ Parma, Physics               04/07/03   eugenia.polverini@fis.unipr.it
  Sorin Popa             Univ Agr Sci, Timisoara, Romania  03/28/01   sorinpopa@yahoo.com
  Laszlo Poppe           Inst Org Chem, TU Budapest        01/10/00   poppe.szk@chem.bme.hu
  Carl Porter            Systems Software Intl, Colorado   08/03/07   carl@mail.ssofti.com
  Geraudis Portuondo     Ctr Mol Immunology, Havana        01/09/01   gera@ict.cim.sld.cu
  Anil Prakash           Barkatullah Univ, Biotech         05/27/04   ap_btsbpl@sancharnet.in
  R. Prasad              Devi Ahilya Univ, India           10/21/02   r_prasad99@yahoo.com
  Wolfgang Prufert       Vienna, Austria                   07/26/04   wolfgangpruefert@onemail.at
  Gabriele Raabe         TU Braunschweig, Germany          07/10/07   g.raabe@tu-bs.de
  Michael Ramek          Tech Univ Graz, Phys/Theor Chem   12/07/99   ramek@ptc.tu-graz.ac.at
  Frank Raucci           Univ Flordia, Gainsville          04/26/04   raucci1@ufl.edu
  M. K. Raval            Government College, Sundargarh    06/16/04   mkraval@sancharnet.in
  Pedrc Reche            Cambridge Univ, Biochem           09/18/97   par@mole.bio.cam.ac.uk
  Joachim Reichelt       Ges Biotech Forschung             12/12/97   reichelt@gbf.de
  David Reichert         Washington Univ Sch Med           02/05/97   reichertd@mirlink.wustl.edu
  Raul Reigada           Univ Barcelona, Phys Chem         06/06/02   reigada@qf.ub.es
  Mike Renier            Consultant, South Range, MI       12/24/00   mlrenier@yahoo.com
  L. A. Reyes-Chumacero  UNAM, Fisicoquimica               01/18/07   achumac@servidor.unam.mx
  Douglas Ridgway        Kinetana Inc, Edmonton            01/18/01   dridgway@kinetana.com
  Michael Riedl          Wolfratshausen, Germany           09/17/06   0817121068-0001@t-online.de
  Jordi Robles-Brau      Univ Barcelona, Chemistry         03/12/01   jrobles@qo.ub.es
  Alain Rochefort        CERCA, Montreal                   11/20/97   rochefor@cerca.umontreal.ca
  Adrian Roitberg        NIST, Biotechnology Div           05/26/99   adrian@nist.gov
  Ursula Rothlisberger   EPFL, Lausanne                    12/13/10   ursula.rothlisberger@epfl.ch
  Walter Rothschild      Wayne State Univ, Detroit         07/12/06   wrothschild@earthlink.net
  Paul Rowntree          Univ Sherbrooke, Chemistry        11/07/02   paul.rowntree@usherbrooke.ca
  John Routsias          Univ Athens, Pathophysiology      02/06/03   jroutsias@med.uoa.gr
  John Russell           Cal State, Sacramento, Chem       08/31/00   russellj@csus.edu
  Jerry Ryan             3M Corporation                    06/04/97   jdryan@mmm.com
  Filip Ryjacek          Heyrovsky Inst Phys Chem, Prague  12/02/02   filip.ryjacek@jh-inst.cas.cz
  Gioseppe Saba          Univ Monserrato, Chimiche         05/08/00   pino@mvcchs.unica.it
  Masoud Safdari         Univ New Mexico, Mech Eng         08/28/09   msafdari@unm.edu
  Ken Sakai              Science Univ Tokyo, Appl Chem     12/03/99   ksakai@ch.kagu.sut.ac.jp
  Kazuhisa Sakakibara    Yokahama Natl Univ, Appl Chem     12/24/09   mazart@ynu.ac.jp
  Dennis Salahub         Univ Calgary, VP Research         04/11/06   dennis.salahub@ucalgary.ca
  Luis Salvatella        Univ Nancy I, Theor Chem          02/21/97   salvat@lctn.u-nancy.fr
  W. M. C. Sameera       ICIQ, Tarragona, Spain            10/12/11   wsameera@iciq.es
  Nair Samira            Univ Oran Es-senia, Physics       02/06/08   sam3100132@yahoo.fr
  John Sanderson         Univ Durham, Chemistry            07/28/03   j.m.sanderson@durham.ac.uk
  Anders Sandstrom       Swedish Univ Agricult Sci, Chem   06/05/06   anders.sandstrom@kemi.slu.se
  Anatole Sarko          SUNY College of ESF, Syracuse     03/13/02   asarko@esf.edu
  Shigeki Sasaki         Kyushu Univ, Fukuoka, Japan       01/16/07   sasaki@phar.kyushu-u.ac.jp
  Paul Sanders           Univ Alabama, Birmingham          06/20/10   psanders@uab.edu
  Sangeeta Sawant        Univ Pune, Bioinfo Centre         04/09/03   sangeeta@bioinfo.ernet.in
  Robert Scavetta        Mayo Clinic, Scottsdale           02/17/05   scavetta.robert@mayo.edu
  G. Schaftenaar         Univ Nijmegen, CAOS/CAMM          07/08/98   schaft@caos.kun.nl
  Jurgen Schatz          Univ Ulm, Div Org Chem            10/09/01   jurgen.schatz@chemie.uni-ulm.de
  Paul Schettler         Juniata College, Chemistry        12/01/11   schettler@juniata.edu                   
  Dale Schruben          Chem Eng, Texas A&M-Kingsville    04/29/00   dschruben@tamuk.edu  
  Ernst Schumacher       Univ Bern, Chemistry              11/15/00   ernst.schumacher@iac.unibe.ch
  Eric Schwegler         Lawrence Livermore Natl Lab       11/28/01   schwegler@llnl.gov
  Talluri Sekhan         GITAM, Visakhapatnam, India       05/31/07   stalluri@gitam.edu
  Charis Semidalas       Tech Edu Inst Athens              04/07/97   chsemid@teia.ariadne-t.gr
  Slobodan Serbanovic    Faculty Tech Metal, Belgrade      11/13/02   ivonag@elab.tmf.be.ac.yu
  Yuri Sergeev           NEI, NIH                          05/27/97   sergeev@helix.nih.gov
  M. G. Severin          Univ Padova, Chimica Fisica       07/06/99   m.g.severin@chfi.unipd.it
  Mohamed Seyam          Univ Colorado, Chem & Biol Eng    09/19/09   seyam@colorado.edu
  Harris Shapiro         Stanford Univ                     12/11/01   hshapiro@stanford.edu
  Min-Yi Shen            UCSF, Pharm Chem                  04/14/03   smy@guitar.compbio.ucsf.edu
  Vladimir Sherbukin     Acadia Pharmaceuticals, Denmark   10/15/02   vsherbukin@acadia-pharm.com
  Michael Sheyka         Univ New Mexico, Civil Eng        08/31/09   shak@unm.edu
  John Shibata           Univ of the South, Chemistry      03/01/05   jshibata@sewanee.edu
  Toshihiro Shimada      Univ Tokyo, Chemistry             06/29/08   shimada@chem.s.u-tokyo.ac.jp
  I. Shirobokov          Udmurt State Univ                 05/12/97   ibsh@eco.uni.udm.ru
  Reza Shojaei           Univ Hasselt, Theochem, Belgium   08/26/10   shojaei81@yahoo.com
  Michael Shokhen        Bar Ilan Univ, Chemistry          07/28/04   shokhen@mail.biu.ac.il
  Thomas Simonson        Ecole Polytechnique, Biology      06/09/10   thomas.simonson@polytechnique.fr
  Narinder Singh         IIT Ropar, Chemistry              10/26/10   nsingh@iit.rpr.ac.in
  Angelo Sironi          Univ Milano, Chimica Strutturale  04/27/03   angelo.sironi@istm.cnr.it
  V. Sitaramam           Univ Pune, Biotechnology          02/06/00   sitaram@unipune.ernet.in
  Tereza Skalova         Inst Macromol Chem, Prague        04/18/01   skalova@imc.cas.cz
  Michael Skokhen        Tel Aviv Univ, Biochem            03/19/97   shokhen@etgar.tau.ac.il
  Hilbert Bruins Slot    Univ Nijmegen, CAOS/CAMM          11/28/96   bslot@caos.kun.nl
  Robert Smith           NETL, Dept of Energy, Pittsburgh  07/14/10   robertsm@andrew.cmu.edu
  V. O. Sokolov          Fibre Optics Rsch Cntr, Moscow    06/29/99   sokolov@fo.gpi.ac.ru
  Eslam Soliman          Univ New Mexico, Civil Eng        09/08/09   soliman@unm.edu
  Cinque Soto            Columbia Univ, Biochemistry       05/16/02   csoto@taino.bioc.columbia.edu
  Vojtech Spiwok         Inst Chem Tech, Prague            06/20/05   spiwokv@vscht.cz
  E. B. Starikov         Max Planck Inst Mol Genetik       07/21/98   starikow@chemie.fu-berlin.de
  A. Stavrakoudis        Univ Ioannina, Chemistry          10/05/99   astavrak@cc.uoi.gr
  Jan Steckel            DOE-NETL, Pittsburgh              06/15/10   steckel@netl.doe.gov
  Jonathan Steele        Royal Botanic Gardens, Kew        01/14/98   j.steele@lion.rbgkew.org.uk
  Carlos Stortz          Univ Buenos Aires, Quim Organica  05/21/04   strotz@qo.fcen.uba.ar
  Ganesh Subbarayan      Purdue Univ, Mech Engin           01/20/03   ganeshs@purdue.edu
  Masamichi Sugimori     Daiichi Pharmaceutical, Tokyo     06/27/01   sugimu8v@daiichipharm.co.jp
  Abdullah Sultan        Texas A&M, Petroleum Engin        08/13/08   sultanas@tamu.edu
  Hongwei Sun            Nankai Univ, Chemistry            10/29/02   sunhw@nankai.edu.cn
  Nancy Suttenfield      UNC, Undergrad Library            03/15/05   nancy_suttenfield@unc.edu
  Petra Swiderek         Univ Bremen, Ang & Phys Chem      09/14/04   swiderek@uni-bremen.de
  Nobuo Tajima           Japan Sci & Tech Corp, Tokyo      10/19/00   tajima@chiromor.jst.go.jp
  E. Tajkhorshid         German Cancer Rsch Center, DKFZ   09/27/96   e.tajkhorshid@dkfz-heidelberg.de
  Keka Talukdar          NIT Durgapur, India               06/22/10   keka.talukdar@yahoo.co.in
  Toomas Tamm            Tallinn Tech Univ, Chemistry      10/05/99   tt-tinker@kky.ttu.ee
  Shigenori Tanaka       Toshiba R&D, Kawasaki, Japan      02/29/00   tanaka2@arl.rdc.toshiba.co.jp
  Marcelo Tavares        Univ East Anglia, Ctr Carbo Chem  08/12/06   protchelo@yahoo.com
  Richard Taylor         Southampton Univ, Chemistry       02/08/98   rdt1@soton.ac.uk
  Andrei Tchougreeff     Keldysh Inst App Math, Moscow     04/27/98   -----
  Mehran Tehrani         Univ New Mexico, Mech Eng         08/28/09   mtehrani@unm.edu
  Ajit Thakkar           Univ New Brunswick, Fredericton   03/02/09   ajit@unb.ca
  Eilmar Thim            Inst Tecnol Aeronautica, Brazil   02/13/06   eilmar@ita.br
  Dominik Thron          Univ Jena, Germany, Phys Chem     03/21/00   cgthdo@uni-jena.de
  Caroline Thurner       Univ Vienna, Inst Theor Chem      08/14/98   caro@asterix.msp.univie.ac.at
  Shan Xi Tian           Univ Sci & Tech China, Hefei      06/24/11   sxtian@ustc.edu.cn
  Julian Tirado-Rives    Yale Univ, Chemistry              02/20/04   julian.tirado-rives@yale.edu
  Mustafa Toprakci       ONKO-MER Oncology, Istanbul       01/12/05   toprakci@post.com
  Andrew Torda           Univ Hamburg, Bioinformatik       01/29/03   torda@zbh.uni-hamburg.de
  Gregorio Torres        Univ Malaga, Quimica Organica     09/15/03   torres@uma.es
  A. Tovtchigretchko     MUSC, Pharmacology, Charleston    09/28/99   andrey@rec06.musc.edu
  Shinjiro Toyoda        Fuji Xerox, Kanagawa, Japan       01/15/02   shinjiro.toyoda@fujixerox.co.jp
  Donald Truhlar         Univ Minnesota, Chemistry         03/13/98   truhlar@umn.edu
  Hui-Hsu Tsai           NCI-NIH, Lab Expt & Comput Biol   05/09/03   tsaih@ncifcrf.gov 
  C. W. Tsang            Hong Kong Polytech Univ           05/10/01   bwtsang@polyu.edu.hk
  Taro Tsubomura         Seikei Univ, Indust Chem          06/25/98   tsubo@ch.seikei.ac.jp
  Yooko Tsuchiya         Rsch Inst Elect Power, Nagasaka   06/01/04   yooko@criepi.denken.or.jp
  Tamio Tsukamoto        Osaka Women's Univ, Envir Sci     05/30/02   tamtam@center.osaka-wu.ac.jp
  Susan Tzotzos          Vienna, Austria                   03/23/06   susan@sil.at
  Panapat Uawithya       Mahidol Univ, Thailand            10/15/98   g4037881@student.mahidol.ac.th
  Yuko Ueno              NTT Tech Labs, Japan              11/15/99   yuko@with.brl.ntt.co.jp
  Sandor Vajda           Boston Univ, Biomed Eng           02/01/97   vajda@enga.bu.edu
  Rajani Vangala         Ludwig Maximillian Univ, Munich   09/04/00   vangala@gsf.de
  S. van Vaerenbagh      Univ Libre Bruxelles              06/01/04   svanvaer@ulb.ac.be
  Rajan Vatassery        Northwestern Univ, Chemistry      06/29/05   r-vatassery@northwestern.edu
  Ruben Venegas          Targeted Molecules, San Diego     07/17/02   rvenegas@targetedmolecules.com
  Manuel Ventura         Univ Brasilia, Biophys            05/14/98   mventura@nutecnet.com.br
  Alessandro Venturini   CNR-ICoCEA, Bologna               09/30/98   ale@icow04.icocea.bo.cnr.it
  Laurent Verdier        Centre d'Etudes Bouchet, France   08/18/05   laurent.verdier@dga.defense.gauv.fr
  Valery Veresov         Inst Biophys & Cell Eng, Minsk    03/26/07   veres@biobel.bas-net.by
  Gerard Vergoten        Univ Sci & Tech Lille, Chemie     04/03/03   vergoten@univ-lille1.fr
  Chandra Verma          Univ York, Chemistry              12/12/97   chandra@yoruic.york.ac.uk
  Jean-Luc Verschelde    Univ Gent, Biochemie              06/09/99   jeanluc.verschelde@rug.ac.be
  Matthieu Verstraete    Catholic Univ, Louvain, Belgium   04/05/02   verstraete@pcpm.ucl.uc.be
  Arlen Viste            Augustana College, Chemistry      01/10/01   viste@inst.augie.edu
  Nico Voelcker          Flinders Univ, Adelaide           04/14/02   nico.voelcker@flinders.edu.au
  Iva Voleska            Univ Pardubice, Czech Republic    08/31/11   iva.voleska@gmail.com
  C.-W. von der Lietz    DKFZ, Heidelberg                  02/18/03   w.vonderlietz@dkfz.de
  Randy Wadkins          Johns Hopkins Oncology Center     11/22/99   rwadkin@jhmi.edu
  Marcus Wagner          IBM, Los Angeles                  06/18/01   marcus2@us.ibm.com
  Numan Waheed           MIT, Chem Eng, 66-453             05/24/00   nwaheed@mit.edu
  Nian Wang              Univ Florida, Citrus Res & Edu    06/07/10   nianwang@ufl.edu
  Mya Warren             Univ British Columbia, Physics    08/27/03   mya@physics.ubc.ca
  Gero Waschutza         Fraunhofer-Institut, IGB          09/22/97   guenther@ita.fhg.de
  Hidetoshi Watanabe     Natl Inst Health Sci, Tokyo       10/06/10   hwata@nihs.go.jp
  Masakatsu Watanabe     Moldyn Inc                        04/17/97   watanabe@moldyn.com
  Hans-Peter Weber       ACCE, ESRF, Grenoble              10/20/05   hpweber@wanadoo.fr
  Gordon Webster         Lexigen Pharm, Billerica, MA      10/23/02   gwebster@lexigenpharm.com
  Noham Weinberg         Univ Cent Fraser Valley, Chem     11/21/01   weinbergn@ucfv.bc.ca
  Jukka Welling          Tampere, Finland                  02/04/11   j.welling@luukku.com
  Joel Weltman           Brown Univ Med School             08/15/05   joel_weltman@brown.edu
  Adriano Werhli         Unisimas Univ, Brazil             07/10/02   werhli@terra.com.br
  Juergen Wieferink      Fritz-Haber Inst, Berlin          01/26/10   wieferink@fhi-berlin.mpg.de
  Don Wiff               Retired, Youngstown, OH           04/04/11   don.wiff@wrnms.com
  Mark Wilson            Durham Univ, Durham, UK           07/18/07   mark.durham@durham.ac.uk
  William Wimley         Tulane Univ Med Sch, Biochem      07/14/00   ashish@tulane.edu
  Rob Woods              Univ Georgia, Comp Carb Res Cnt   06/15/04   rwoods@ccrc.uga.edu
  Richard Wu             Natl Inst of Health, Taiwan       08/02/04   richard-wu@msn.com
  Yanbin Wu              Univ Illinois                     12/15/10   ywu27@uiuc.edu
  Christoph van Wullen   Tech Univ Berlin, Inst Chemie     06/28/01   christoph.vanwullen@tu-berlin.de
  Mao Xiang              Shanghai Inst Plant Physiol       06/16/98   xmao@iris.sipp.ac.cn
  Ami Yang               Cambridge Univ, Pharmacology      09/30/03   aycy2@cam.ac.uk
  Mingjun Yang           Univ Edinburgh, Inst Mat & Proc   04/30/03   m.yang@ed.ac.uk
  Aneta Yezienska        Univ Wroclaw, Chemistry           10/18/05   anetka@elrond.chem.uni.wroc.pl
  Lei Yi                 Zhejiang Univ, Chem, Hangzhou     12/24/01   ly.zju@163.com
  Soo Haeng Yoo          Korea Inst Sci & Tech, Seoul      10/22/98   yoo@sbc2.kist.re.kr
  Kiyomi Yoshimori       Hitachi Rsch Lab, Ibaraki-ken     11/18/02   kyoshina@gm.hrl.hitachi.co.jp
  Xin Yu                 Univ Nevada, Reno, Chemistry      01/31/05   xyu@chem.unv.edu
  Alexander Yui          Wright Patterson, ASC/HPTS        08/27/98   yuiak@msrc.wpafb.af.mil
  Masahiro Yamamoto      Konan Univ, Kobe, Japan           12/03/09   masahiro@konan-u.ac.jp
  Toshifumi Yui          Miyazaki Univ, Engineering        01/11/00   tyui@chem.miyazaki-u.ac.jp
  Ralph Zachary          Univ Florida                      01/20/98   zachary@qtp.ufl.edu
  Francesco Zerbetto     Univ Bologna, Dipart Chimica      06/30/99   gatto@ciam.unibo.it
  Hongyu Zhang           CARB, Univ Maryland               11/20/98   hyzhang@carb.nist.gov
  Xiao-Ping Zhang        Stockholm Univ, Biokemi           06/05/00   zhang@biokemi.su.se
  Yingkai Zhang          Duke Univ, Chemistry              09/30/98   zhangy@chem.duke.edu
  Yi-Lei Zhao            NIST, Gathersburg, MD             03/18/08   yileizhao@nist.gov
  Linghao Zhong          Univ Rochester, Chemistry         02/01/99   lozg@uhura.cc.rochester.edu
  Wei Zhuang             Univ Rochester, Chemistry         09/24/01   weiz@mail.rochester.edu
  Horst Zimmer           Gymnasium Borbeck, Essen          04/20/01   horstzimmer@freenet.de
  Howard Zimmerman       Univ Wisconsin, Chemistry         06/28/10   zimmerman@chem.wisc.edu
  Justin Zobel           Univ Melbourne, VLSCI             03/31/10   jzobel@acm.org
  Eve Zoebisch           Corren, Menlo Park, CA            01/26/03   zoebisch@earthlink.net
  Xiaoqin Zou            Univ Missouri, Cardiovasc Rsch    08/17/01   zoux@missouri.edu
